Dress_ID,TotalSales,Style,Price,Rating,Size,Season,NeckLine,SleeveLength,waiseline,Material,FabricType,Decoration,Pattern Type,Recommendation
1006032852,75979,Sexy,Low,4.6,M,Summer,o-neck,sleevless,empire,null,chiffon,ruffles,animal,1
1212192089,52256,Casual,Low,0,L,Summer,o-neck,Petal,natural,microfiber,null,ruffles,animal,0
1190380701,223,vintage,High,0,L,Automn,o-neck,full,natural,polyster,null,null,print,0
966005983,39691,Brief,Average,4.6,L,Spring,o-neck,full,natural,silk,chiffon,embroidary,print,1
876339541,44077,cute,Low,4.5,M,Summer,o-neck,butterfly,natural,chiffonfabric,chiffon,bow,dot,0
1068332458,457,bohemian,Low,0,M,Summer,v-neck,sleevless,empire,null,null,null,print,0
1220707172,7328,Casual,Average,0,XL,Summer,o-neck,full,null,cotton,null,null,solid,0
1219677488,3248,Novelty,Average,0,free,Automn,o-neck,short,natural,polyster,broadcloth,lace,null,0
1113094204,494,Flare,Average,0,free,Spring,v-neck,short,empire,cotton,broadcloth,beading,solid,1
985292672,300,bohemian,Low,0,free,Summer,v-neck,sleevless,natural,nylon,chiffon,null,null,1
1117293701,1911,party,Average,5,free,Summer,o-neck,full,natural,polyster,broadcloth,lace,solid,0
898481530,2842,Flare,Average,0,free,Spring,v-neck,short,null,nylon,null,null,animal,0
957723897,49983,sexy,Low,4.7,M,Winter,o-neck,threequarter,null,null,chiffon,lace,print,1
749031896,75346,vintage,Average,4.8,M,Summer,o-neck,short,empire,cotton,jersey,null,animal,1
1055411544,1095,Casual,Low,5,M,Summer,boat-neck,short,null,cotton,null,sashes,solid,0
1162628131,2319,Casual,Low,0,free,Winter,boat-neck,full,null,other,other,lace,null,0
624314841,47998,cute,Average,4.7,L,spring,o-neck,short,null,cotton,null,sashes,solid,1
830467746,401,bohemian,Medium,5,free,Automn,o-neck,full,natural,null,null,hollowout,patchwork,1
840857118,299,Brief,Average,0,M,Winter,peterpan-collor,threequarter,natural,cotton,null,null,patchwork,0
1113221101,9998,Sexy,Average,5,M,Automn,o-neck,sleevless,empire,milksilk,null,null,null,1
861754372,6175,Sexy,Average,4.5,L,Automn,o-neck,full,null,cotton,null,beading,solid,0
856178100,31467,Casual,Low,4.3,M,Summer,o-neck,sleevless,natural,null,chiffon,null,solid,0
1122989777,5216,Brief,Low,4,XL,Summer,v-neck,short,natural,cotton,null,pockets,solid,0
840516484,42347,Sexy,Average,4.7,S,Summer,v-neck,sleevless,empire,cotton,null,sequined,solid,1
768517084,107,Sexy,Average,0,free,Automn,v-neck,sleevless,natural,polyster,null,lace,patchwork,0
1139843344,518,Sexy,Average,0,M,Automn,o-neck,sleevless,empire,cotton,broadcloth,null,print,0
1004212992,48440,Sexy,Average,4.7,M,Spring,o-neck,sleevless,natural,null,null,null,solid,1
1235426503,4696,Casual,Low,0,L,Summer,o-neck,sleevless,natural,cotton,jersey,null,print,0
942808364,11518,cute,Low,4.3,free,Automn,o-neck,sleevless,natural,polyster,chiffon,sashes,striped,0
629131530,155927,cute,Low,4.7,M,Spring,ruffled,short,empire,chiffonfabric,chiffon,bow,dot,1
851945460,26496,Casual,Average,4.6,L,Automn,o-neck,sleevless,empire,polyster,chiffon,ruffles,solid,0
1150275464,5738,Casual,Low,0,M,Spring,o-neck,sleevless,natural,silk,chiffon,applique,solid,1
1026634314,18184,Casual,Average,4.4,L,Automn,o-neck,sleevless,natural,linen,chiffon,ruffles,animal,0
978773911,23200,Brief,Average,4.3,L,Spring,o-neck,sleevless,empire,null,null,bow,solid,1
827791337,41875,party,High,4.7,M,Spring,o-neck,threequarter,null,null,null,null,print,0
640823350,29528,Casual,Low,4.6,free,Winter,boat-neck,full,natural,cotton,null,null,patchwork,1
801861988,32342,vintage,Average,4.6,free,Winter,o-neck,full,natural,null,chiffon,null,print,1
1060207186,1820,Brief,Average,0,M,Automn,o-neck,short,natural,cotton,null,null,print,0
1054679816,12987,party,Average,4.6,M,Winter,o-neck,sleevless,natural,cotton,null,lace,solid,1
941190190,11693,Casual,Average,4.5,M,Spring,v-neck,short,empire,cotton,null,button,solid,1
943844640,2999,Brief,Average,5,free,Spring,v-neck,sleevless,natural,cotton,broadcloth,lace,solid,1
661795386,49173,Brief,Low,4.4,L,Automn,o-neck,halfsleeve,natural,rayon,chiffon,sashes,solid,0
875312593,11817,Casual,Average,4.8,M,Winter,o-neck,short,natural,lycra,broadcloth,applique,patchwork,0
971387676,15506,Casual,Low,4.8,free,Spring,o-neck,sleevless,natural,cotton,null,null,print,0
1021185637,4451,vintage,Average,4.8,M,Winter,o-neck,sleevless,natural,cotton,null,null,patchwork,1
1163826114,2133,Sexy,Average,0,M,Winter,o-neck,short,natural,null,null,lace,solid,0
735635595,91556,Sexy,Average,4.8,L,Spring,v-neck,threequarter,empire,polyster,null,lace,geometric,0
1175184188,635,Casual,Average,0,M,Summer,o-neck,halfsleeve,natural,cotton,chiffon,ruffles,dot,1
679415939,20730,Casual,Low,4.7,M,Summer,o-neck,sleevless,empire,milksilk,null,null,solid,0
884147971,96,Casual,Medium,0,L,Winter,boat-neck,full,empire,null,null,null,solid,1
841203385,3943,Sexy,Low,5,free,Summer,v-neck,sleevless,empire,null,chiffon,null,animal,1
1117997056,3947,Casual,Low,4.3,free,Summer,o-neck,sleevless,null,milksilk,null,null,animal,0
1160536550,1341,Casual,Average,0,L,Spring,o-neck,halfsleeve,natural,polyster,chiffon,hollowout,solid,1
828623528,27364,Casual,Average,4.6,free,Automn,o-neck,sleevless,natural,polyster,chiffon,sashes,solid,1
763708514,17079,sexy,Average,4.5,M,Spring,o-neck,threequarter,natural,polyster,null,lace,geometric,0
1153442065,5905,Novelty,Average,0,S,Winter,turndowncollor,full,natural,cotton,null,null,patchwork,0
743729613,10944,Casual,Average,4.9,S,Winter,turndowncollor,full,natural,cotton,null,null,solid,1
1000493051,9852,sexy,Low,4.6,L,Automn,o-neck,sleevless,natural,null,null,lace,solid,1
911085061,6751,bohemian,Low,4.5,M,Summer,v-neck,sleevless,natural,polyster,null,null,print,1
1174854264,778,work,Average,0,M,Automn,slash-neck,sleevless,natural,polyster,null,bow,patchwork,0
1053296757,105,cute,High,0,M,Spring,v-neck,full,natural,rayon,null,null,solid,1
1033843327,257,Casual,Average,0,free,Spring,o-neck,short,natural,cotton,null,hollowout,plaid,0
1083779666,1565,Casual,Average,5,M,Summer,o-neck,short,empire,polyster,chiffon,null,animal,0
746255172,37083,Casual,Average,4.7,M,spring,o-neck,sleevless,natural,null,chiffon,sashes,solid,0
1100974555,5614,Sexy,Low,4,S,Automn,o-neck,sleevless,empire,cotton,null,null,solid,1
1019134411,12001,Casual,Average,5,M,Automn,v-neck,short,natural,cotton,broadcloth,beading,solid,0
1072477320,6722,Casual,Low,0,free,Summer,v-neck,halfsleeve,natural,silk,broadcloth,applique,solid,0
638423913,601,Casual,Medium,4.5,S,Winter,o-neck,full,natural,polyster,null,null,patchwork,1
936425780,7775,work,Average,4.8,L,Summer,v-neck,short,natural,polyster,null,hollowout,solid,0
1146088956,182,Casual,Medium,0,M,Automn,v-neck,short,empire,polyster,null,null,solid,0
864253055,1646,bohemian,Average,5,free,Summer,v-neck,sleevless,natural,cotton,batik,null,print,1
1210582154,11403,sexy,Low,0,M,Spring,v-neck,short,natural,polyster,satin,ruffles,solid,1
926480831,6835,Sexy,Average,4.2,M,Winter,v-neck,sleevless,natural,cotton,flannael,null,solid,0
757260823,957,Casual,Low,4.8,free,Spring,o-neck,full,natural,cotton,worsted,lace,solid,0
630561922,15909,Casual,Low,4.4,S,Automn,o-neck,sleevless,natural,polyster,null,null,solid,0
734061929,38251,Casual,Low,4.7,L,Spring,o-neck,short,null,chiffonfabric,chiffon,bow,dot,0
842060995,594,Casual,Average,5,XL,Winter,boat-neck,full,null,cotton,null,null,geometric,1
1078431253,162,Casual,Low,0,free,Spring,v-neck,sleevless,null,cotton,null,null,print,0
939770391,134,Casual,Average,0,free,Spring,o-neck,sleevless,natural,null,chiffon,null,solid,0
943188872,1871,bohemian,very-high,4.7,free,Winter,v-neck,sleevless,null,polyster,null,null,null,1
1130994272,2455,Casual,Low,5,M,Summer,v-neck,sleevless,empire,polyster,chiffon,ruffles,animal,0
907117649,24713,party,Average,4.7,M,Spring,v-neck,sleevless,natural,polyster,chiffon,hollowout,solid,0
967999477,7218,Sexy,Low,5,free,Spring,o-neck,full,natural,cotton,worsted,null,striped,0
944656411,7720,vintage,Low,4.6,M,Summer,o-neck,short,natural,null,chiffon,null,print,0
1096779299,582,Casual,Average,0,free,Winter,o-neck,halfsleeve,empire,polyster,chiffon,hollowout,solid,0
1036333255,4018,Casual,low,4.9,L,Summer,boat-neck,short,null,null,chiffon,null,patchwork,1
1065316076,4464,Casual,Low,0,S,Automn,o-neck,full,natural,null,null,beading,solid,1
995802744,6707,Sexy,Average,4,S,Automn,v-neck,sleevless,null,rayon,chiffon,null,patchwork,1
1018110870,8229,Sexy,Low,5,M,Automn,o-neck,full,natural,null,chiffon,lace,print,1
850586379,7522,Brief,Average,4.6,M,Winter,peterpan-collor,threequarter,null,cotton,null,null,solid,0
1169895668,480,Casual,Average,0,L,Spring,boat-neck,sleevless,natural,cotton,null,applique,patchwork,1
688966772,17272,Casual,Average,4.8,L,Winter,o-neck,short,natural,cotton,null,pockets,solid,1
1194626925,429,OL,Medium,0,M,Winter,mandarin-collor,halfsleeve,natural,cotton,null,sashes,solid,0
876708804,2996,Sexy,Low,4.8,M,Spring,o-neck,halfsleeve,natural,silk,null,null,solid,0
1118628066,3744,Casual,Medium,0,S,Spring,v-neck,full,null,null,null,null,animal,1
1027818824,48,Casual,Medium,0,M,Spring,v-neck,threequarter,natural,silk,chiffon,ruffles,solid,1
891103323,812,Casual,Average,0,M,Spring,o-neck,sleevless,natural,silk,null,null,print,0
1166855026,69,Casual,Average,0,free,Winter,v-neck,full,natural,null,chiffon,ruffles,print,0
1023850025,8696,vintage,Low,4.8,S,Summer,o-neck,short,natural,null,chiffon,ruffles,print,0
805438829,13749,Sexy,Low,4.8,L,Summer,v-neck,full,natural,cotton,jersey,applique,print,1
836788720,426,fashion,Average,4,free,Summer,open,full,null,cotton,null,sequined,solid,0
835787654,7831,Casual,Average,4.7,L,Summer,v-neck,short,natural,null,null,null,print,1
1148457078,4030,Casual,Low,0,free,Winter,o-neck,halfsleeve,natural,polyster,worsted,null,patchwork,1
887476609,11237,bohemian,Low,4.8,free,Summer,o-neck,short,null,null,null,null,animal,1
535968075,22147,work,Medium,4.6,L,Winter,sqare-collor,short,empire,cotton,null,Tiered,solid,0
892801580,6071,vintage,Average,4.7,L,Summer,o-neck,short,natural,cotton,null,button,solid,0
732650169,34651,cute,Low,4.7,M,Spring,o-neck,short,empire,polyster,chiffon,ruffles,dot,1
680070369,9422,Casual,Low,4.6,free,Automn,o-neck,full,natural,cotton,null,null,solid,1
1002440915,1843,Casual,Medium,0,free,Spring,o-neck,sleevless,natural,cotton,broadcloth,sequined,solid,1
737538048,57543,Casual,Average,4.7,L,Automn,o-neck,halfsleeve,null,null,null,lace,null,0
1104450248,3358,Sexy,Average,0,L,Automn,v-neck,sleevless,empire,null,chiffon,null,patchwork,0
797673346,17017,Casual,Low,4.7,free,Winter,o-neck,sleevless,natural,cotton,jersey,null,solid,1
1039982741,604,Casual,Average,0,M,Automn,o-neck,short,empire,polyster,null,applique,print,0
829087315,7206,cute,Average,4.8,L,Automn,slash-neck,sleevless,natural,null,chiffon,hollowout,solid,0
1032990258,2725,party,Average,5,M,Spring,o-neck,halfsleeve,natural,null,null,null,null,1
939422280,9070,cute,Average,4.3,L,Winter,o-neck,sleevless,natural,null,chiffon,null,solid,0
974746803,3809,Casual,Average,4.5,L,Spring,o-neck,short,natural,cotton,chiffon,null,patchwork,0
1018130478,6620,Casual,Low,4.7,L,Automn,o-neck,full,null,cotton,chiffon,lace,print,0
956758119,7868,Casual,Low,4.5,free,Automn,v-neck,short,natural,silk,worsted,lace,solid,0
903426442,16006,sexy,Average,3.6,L,Winter,v-neck,full,natural,polyster,woolen,beading,solid,1
861626197,20839,work,Average,4.8,L,Winter,v-neck,short,natural,mix,broadcloth,lace,solid,0
1077015977,150,vintage,Average,0,free,Summer,o-neck,sleevless,null,null,null,null,null,0
817870237,4536,Sexy,Low,4.6,free,Spring,o-neck,full,natural,null,null,lace,leopard,1
1078996836,1748,Sexy,Low,0,free,Winter,v-neck,sleevless,empire,cotton,chiffon,null,solid,1
881530990,11515,work,Average,4.6,L,Spring,o-neck,short,empire,cotton,jersey,null,patchwork,0
937046375,3439,Casual,Average,4.4,M,Summer,o-neck,short,empire,null,null,lace,patchwork,0
870994067,3464,cute,Low,4.9,M,Automn,o-neck,short,natural,chiffonfabric,chiffon,bow,dot,0
893330898,7852,Sexy,Low,4.6,free,Summer,v-neck,sleevless,natural,cotton,broadcloth,beading,solid,0
822053936,3668,party,Average,4.4,free,Automn,v-neck,threequarter,natural,null,null,null,solid,0
1059959935,76,Casual,Average,0,free,Spring,o-neck,short,null,cotton,null,lace,null,1
1197204708,4385,Casual,Low,0,M,Summer,v-neck,full,natural,acrylic,null,lace,solid,0
713439584,9740,Sexy,Average,4.6,M,Winter,o-neck,full,natural,polyster,null,null,patchwork,1
732736124,3615,work,Average,4.6,M,Spring,v-neck,full,null,null,chiffon,null,null,0
709353440,5811,cute,Average,4.7,L,Winter,o-neck,sleevless,natural,chiffonfabric,null,lace,solid,0
1031230798,2846,bohemian,Average,4.7,L,Automn,o-neck,sleevless,natural,null,chiffon,null,solid,0
1225512606,270,cute,High,0,M,Winter,o-neck,threequarter,empire,silk,chiffon,lace,patchwork,0
1158347154,1460,Casual,Average,0,XL,Winter,o-neck,short,empire,polyster,null,button,solid,0
976975672,2226,Novelty,Average,4.9,L,Automn,o-neck,short,natural,polyster,chiffon,null,print,1
520233308,11041,Casual,Low,4.7,M,Automn,o-neck,full,null,cotton,null,null,solid,0
935827969,1952,cute,Average,4.3,free,Summer,boat-neck,sleevless,null,null,null,null,null,1
1130624045,1467,Sexy,Low,0,free,Automn,slash-neck,short,empire,null,null,hollowout,solid,0
547555172,21772,cute,Low,4.7,XL,Summer,o-neck,short,empire,chiffonfabric,chiffon,bow,print,0
1083323104,8830,Sexy,low,4.5,L,Spring,o-neck,sleevless,null,null,null,lace,solid,0
955188745,5761,Casual,Average,4.7,M,Automn,o-neck,sleevless,null,cotton,null,null,animal,1
1140306858,2539,Casual,Average,0,L,Spring,boat-neck,sleevless,natural,cotton,null,lace,solid,1
895807023,7351,cute,low,4.7,free,Summer,o-neck,sleevless,null,null,chiffon,null,print,1
818505402,1059,Casual,low,4.4,free,Summer,turndowncollor,sleevless,natural,cotton,null,null,solid,0
897981100,2086,Casual,Average,4.8,L,winter,v-neck,short,empire,polyster,null,ruffles,solid,0
973481686,9305,vintage,Average,4.3,free,winter,o-neck,short,null,chiffonfabric,chiffon,null,print,0
1021375534,7555,cute,low,4.5,L,Summer,o-neck,sleevless,natural,cotton,chiffon,sashes,solid,1
549437715,32300,Casual,Average,4.4,M,Summer,turndowncollor,sleevless,natural,chiffonfabric,chiffon,null,solid,0
1097548715,515,vintage,Medium,0,S,Winter,turndowncollor,halfsleeve,natural,cotton,broadcloth,null,plaid,0
578702321,994,Sexy,low,4.7,free,Summer,turndowncollor,sleevless,natural,cotton,null,null,solid,1
1155548915,151,vintage,High,0,L,Summer,o-neck,short,natural,cotton,null,null,print,0
1199064757,44,Casual,low,0,free,Spring,v-neck,threequarter,null,silk,null,lace,null,1
1078994436,195,Sexy,Average,0,S,Automn,slash-neck,short,natural,null,null,lace,solid,0
949226757,3665,Casual,Low,0,free,Spring,o-neck,short,natural,null,null,hollowout,solid,0
832191944,109,cute,Medium,5,free,Winter,o-neck,sleevless,natural,silk,null,lace,solid,1
869572905,4765,Casual,Low,4.7,free,Summer,o-neck,sleevless,null,null,null,null,print,0
896048351,3572,Sexy,Low,4.8,free,Spring,v-neck,sleevless,null,null,null,sequined,solid,1
854444464,8291,Casual,Average,4.5,L,Winter,o-neck,short,natural,cotton,null,bow,patchwork,0
1246749980,6915,vintage,Average,0,S,Spring,o-neck,full,natural,mix,chiffon,embroidary,print,0
849613634,424,Casual,Average,3.7,free,Automn,boat-neck,full,null,null,null,null,solid,1
1019768234,8822,vintage,Average,4.8,L,Winter,o-neck,sleevless,natural,cotton,null,null,patchwork,0
785830491,434,cute,Average,0,XL,Spring,boat-neck,full,null,cotton,worsted,applique,dot,1
832391864,1012,Casual,Average,0,L,Winter,open,short,natural,mix,poplin,applique,solid,1
1069595866,80,sexy,Medium,5,M,Winter,o-neck,sleevless,empire,polyster,null,bow,solid,0
733715437,6559,Brief,Average,4.9,free,Summer,slash-neck,sleevless,natural,null,null,null,solid,0
828949946,6160,Casual,High,4.9,S,Spring,o-neck,threequarter,natural,null,null,null,dot,1
765264430,11259,Brief,Average,4.6,free,Winter,o-neck,full,natural,mix,null,sashes,solid,0
722020708,13804,Casual,Low,4.5,free,Winter,o-neck,full,natural,mix,worsted,applique,solid,0
980295760,5632,Casual,Low,4.8,XL,Summer,o-neck,short,empire,mix,chiffon,sashes,geometric,0
913978120,16361,Sexy,Medium,4.6,L,Summer,o-neck,short,natural,spandex,jersey,lace,solid,0
1062354779,3857,Casual,Average,4.5,M,Winter,v-neck,sleevless,natural,null,chiffon,button,striped,0
1051749304,497,work,Average,0,S,Automn,o-neck,sleevless,natural,linen,null,null,patchwork,0
1206128856,6295,Casual,Low,0,L,Winter,o-neck,sleevless,empire,polyster,null,null,leopard,0
956453735,1906,cute,low,5,L,Winter,o-neck,threequarter,natural,silk,chiffon,sashes,print,0
767971724,1888,Brief,Average,4.3,M,Spring,o-neck,full,natural,mix,worsted,sequined,patchwork,1
722565148,14748,Sexy,low,4.4,free,Automn,o-neck,full,empire,cotton,null,null,leopard,0
1167448608,1208,cute,low,0,free,Summer,peterpan-collor,short,empire,cotton,broadcloth,applique,print,0
549159213,4697,Casual,Average,4.5,free,Summer,o-neck,short,natural,cotton,null,null,solid,1
940918554,1870,Sexy,low,4.7,M,Winter,slash-neck,sleevless,null,nylon,null,sashes,solid,1
522776523,9414,Casual,low,4.7,free,Spring,o-neck,sleevless,empire,cotton,chiffon,null,floral,0
658650071,12607,Casual,Medium,4.8,M,Winter,peterpan-collor,short,natural,polyster,chiffon,lace,patchwork,0
560474456,6109,Sexy,low,4.3,free,Winter,v-neck,sleevless,natural,silk,worsted,lace,solid,1
1150052066,4476,bohemian,Average,0,L,Winter,turndowncollor,full,natural,mix,null,null,solid,0
929797706,204,Casual,Low,0,free,,o-neck,full,natural,cotton,null,null,patchwork,0
886351969,7793,cute,Medium,4.8,free,Spring,slash-neck,sleevless,natural,polyster,chiffon,sashes,solid,1
1071947910,114,Sexy,Average,0,S,Automn,v-neck,sleevless,empire,cotton,null,beading,solid,0
813753347,31663,Casual,Low,4.6,S,Spring,o-neck,full,natural,cotton,null,null,solid,1
733134203,3636,vintage,Medium,4.7,free,Spring,turndowncollor,sleevless,natural,mix,null,lace,solid,1
851256794,991,work,low,4.7,free,Summer,o-neck,full,empire,cotton,null,null,solid,0
751049573,1974,cute,Average,4.8,M,Summer,o-neck,short,natural,cotton,null,rivet,solid,0
882490248,6282,cute,Average,0,M,Summer,o-neck,short,natural,cotton,chiffon,null,print,0
541172235,12217,Casual,Average,4.7,M,winter,o-neck,full,null,null,null,null,animal,0
727676110,2566,Casual,low,4.6,free,winter,o-neck,full,natural,polyster,null,applique,solid,1
891631697,2125,party,Average,5,free,Summer,v-neck,sleevless,null,null,null,null,null,0
1059306768,56,Casual,Average,0,free,Summer,v-neck,sleevless,natural,cotton,chiffon,null,patchwork,0
764321904,806,Sexy,Average,5,L,winter,o-neck,threequarter,natural,polyster,null,lace,geometric,0
902108125,3302,Sexy,Average,4.8,free,Winter,o-neck,sleevless,natural,polyster,null,embroidary,solid,0
874397327,4837,Casual,Average,4.7,S,Summer,v-neck,short,natural,cotton,null,null,dot,0
861698160,2183,Casual,Average,4.1,M,Automn,v-neck,full,null,null,chiffon,sashes,null,1
981437831,1452,Casual,Average,5,XL,Automn,o-neck,short,natural,chiffonfabric,chiffon,null,null,0
1036456647,704,Sexy,Average,5,M,Summer,v-neck,sleevless,empire,cotton,null,sequined,solid,1
951280194,8656,work,Average,4.6,L,Summer,slash-neck,short,natural,cotton,null,null,solid,0
1079373429,1005,Casual,Average,4.5,M,Summer,peterpan-collor,sleevless,null,null,null,null,null,0
747381880,19026,vintage,Average,4.5,L,Automn,o-neck,sleevless,empire,null,worsted,null,solid,0
1099363892,4352,Casual,Average,0,M,Summer,o-neck,threequarter,natural,nylon,broadcloth,null,solid,1
941333009,3320,cute,Average,4.7,L,Summer,o-neck,sleevless,natural,cotton,worsted,null,print,0
819651586,4225,bohemian,Low,4.7,free,Winter,o-neck,short,natural,nylon,null,sashes,print,0
1043590098,2423,Casual,low,5,free,Spring,slash-neck,sleevless,empire,spandex,null,null,striped,1
1091666465,447,Casual,Average,5,M,Winter,o-neck,sleevless,natural,null,chiffon,sashes,solid,1
863336720,3006,Casual,Average,4.3,free,Summer,o-neck,sleevless,natural,cotton,worsted,null,striped,0
771972560,7435,work,low,4.5,M,Winter,v-neck,threequarter,null,null,null,null,patchwork,0
756492184,1195,Casual,Average,4.3,S,Spring,boat-neck,full,natural,cotton,null,lace,patchwork,1
1097157656,2761,Casual,Average,4.4,L,Automn,o-neck,halfsleeve,natural,null,dobby,lace,animal,0
573923366,6296,sexy,Low,4.3,M,Automn,open,short,natural,lace,null,lace,print,0
756620535,9670,Casual,Low,4.6,free,Summer,o-neck,full,natural,cotton,worsted,lace,solid,1
765350508,8718,Casual,low,4.6,L,Winter,o-neck,full,null,cotton,null,null,null,0
968294356,12854,Casual,Average,4.6,M,Spring,o-neck,sleevless,natural,null,chiffon,sashes,solid,1
1017678811,68,Casual,low,0,free,Automn,peterpan-collor,threequarter,empire,null,null,null,null,0
933231033,3790,Casual,Average,4.7,S,Spring,o-neck,halfsleeve,empire,null,chiffon,null,null,1
1199765487,23,Casual,Average,0,S,Summer,o-neck,sleevless,empire,cotton,null,null,solid,0
965817793,6445,Casual,low,4.8,free,Summer,o-neck,sleevless,natural,cotton,null,null,print,1
1074432879,937,Casual,Average,5,S,Winter,o-neck,sleevless,empire,polyster,chiffon,null,plaid,0
1132858821,57,Sexy,very-high,0,free,Winter,v-neck,sleevless,natural,polyster,knitting,null,solid,0
905732124,2489,Casual,low,4.4,free,Summer,o-neck,sleevless,natural,polyster,null,sashes,print,0
711045472,3560,Casual,Average,4.8,M,Automn,v-neck,short,null,null,chiffon,embroidary,print,1
923983419,721,Casual,Average,5,free,Summer,v-neck,sleevless,null,modal,null,null,patchwork,0
733025646,13461,Sexy,low,4.8,M,Automn,v-neck,full,natural,cotton,null,null,print,1
720099861,14733,Casual,Average,4.6,free,Winter,v-neck,full,natural,cotton,flannel,null,striped,0
923915314,6679,Casual,Average,4.6,M,Winter,v-neck,full,natural,chiffonfabric,chiffon,null,null,0
1077555214,2514,Casual,low,5,S,Spring,o-neck,sleevless,natural,chiffonfabric,null,null,print,0
1216538883,9493,cute,Average,0,M,Winter,o-neck,short,natural,polyster,chiffon,sashes,solid,0
531254082,6087,Casual,low,4.8,free,Spring,o-neck,sleevless,null,chiffonfabric,chiffon,null,print,1
890279029,3678,Casual,Average,4.6,M,Automn,o-neck,short,empire,polyster,null,applique,dot,0
995964089,610,bohemian,Average,5,M,Spring,slash-neck,sleevless,empire,null,chiffon,ruffles,solid,1
868453353,826,Casual,Low,4.9,free,winter,o-neck,sleevless,empire,silk,null,sashes,print,1
1024954013,5021,Casual,Average,4.7,L,Summer,o-neck,sleevless,natural,silk,chiffon,beading,solid,0
685606338,3830,Casual,Medium,4.6,M,winter,o-neck,full,natural,cashmere,null,null,solid,1
877962269,1548,Casual,Average,4.7,M,winter,v-neck,sleevless,empire,polyster,chiffon,applique,print,0
995644296,6245,Sexy,Average,4.7,M,winter,v-neck,sleevless,natural,polyster,broadcloth,null,patchwork,0
1066273951,1551,Casual,Average,3.5,M,winter,v-neck,short,natural,null,null,null,solid,0
822176645,4834,Casual,Average,4.8,M,winter,o-neck,threequarter,natural,null,null,null,print,1
659466129,58,Casual,Average,0,M,winter,o-neck,full,natural,cotton,jersey,feathers,solid,1
694493217,5602,Casual,low,4.6,M,Summer,o-neck,sleevless,natural,cotton,null,sashes,striped,0
793162246,24217,Casual,Average,4.7,L,Spring,v-neck,halfsleeve,natural,null,broadcloth,null,print,1
817945281,1981,Casual,low,4.5,free,Summer,o-neck,full,natural,cotton,null,button,solid,0
920902282,3738,Casual,Average,4.7,M,Summer,o-neck,sleevless,natural,polyster,null,null,character,0
727820291,6003,Casual,low,4.5,M,Winter,o-neck,short,natural,chiffonfabric,chiffon,null,solid,0
699738864,4956,Casual,low,4.7,S,summer,o-neck,full,natural,cotton,null,null,patchwork,0
1197211965,195,cute,Low,0,free,Summer,boat-neck,sleevless,null,cotton,null,null,print,0
682561447,1236,party,very-high,5,M,Spring,slash-neck,sleevless,natural,chiffonfabric,chiffon,flowers,null,1
999081623,2451,Casual,Average,4.9,M,Automn,v-neck,sleevless,null,polyster,null,null,null,1
1108613896,23,party,very-high,0,L,Winter,v-neck,sleevless,natural,polyster,tulle,beading,null,0
1054555186,98,party,very-high,0,M,Winter,v-neck,cap-sleeves,null,null,chiffon,lace,null,0
915238287,2529,Casual,Low,4.4,M,Winter,v-neck,turndowncollor,null,cotton,null,null,null,1
1107279894,56,party,very-high,0,M,Spring,v-neck,threequater,natural,lycra,sattin,applique,null,1
1163040038,60,party,high,0,M,Winter,Sweetheart,sleevless,natural,null,null,pearls,null,0
1091877430,30,party,high,0,M,Spring,Sweetheart,sleevless,null,nylon,null,null,null,0
1053467336,1282,party,Average,5,M,Winter,o-neck,capsleeves,empire,polyster,null,lace,null,1
609889168,2728,party,high,4.7,M,Winter,sweetheart,sleeveless,natural,null,chiffon,flowers,null,0
662727740,3892,party,null,4.8,free,Winter,o-neck,sleevless,empire,null,null,embroidary,null,1
1090993173,4412,party,null,4.5,L,Summer,null,full,null,null,null,null,null,1
963684109,1296,party,very-high,4.9,M,Spring,Sweetheart,sleeevless,empire,null,chiffon,beading,null,1
619817668,4140,party,high,4.6,M,winter,Sweetheart,sleevless,natural,null,chiffon,null,null,0
1066740059,1311,party,Average,5,M,Spring,Sweetheart,sleevless,natural,polyster,null,null,null,1
732184480,1092,party,very-high,4.8,L,Spring,Sweetheart,sleevless,empire,microfiber,organza,beading,null,1
1044683061,613,party,very-high,0,M,Winter,Sweetheart,sleevless,natural,polyster,chiffon,beading,null,1
579010251,1323,party,high,4.6,L,Spring,slash-neck,sleevless,empire,silk,chiffon,beading,null,0
751364623,1645,party,Average,4.8,L,,Sweetheart,sleevless,empire,null,null,pleat,null,1
898316819,1607,party,Medium,4.6,S,Winter,Scoop,short,empire,null,null,crystal,null,0
622667306,1619,party,very-high,4.9,M,Spring,Sweetheart,sleevless,natural,silk,chiffon,beading,null,1
809344968,6060,party,Medium,4.8,S,Spring,v-neck,sleevless,empire,null,null,null,null,1
754138176,3193,party,very-high,4.2,L,Winter,v-neck,sleevless,null,null,null,lace,null,1
674192921,3069,Casual,Low,4.4,free,Summer,o-neck,sleevless,null,null,null,null,null,1
726446177,2082,party,very-high,4.1,M,Winter,Scoop,short,natural,cotton,lace,applique,null,1
1193747589,40,party,very-high,0,M,Winter,o-neck,full,natural,null,null,feathers,null,1
676827184,1891,Casual,high,4.6,M,Summer,Sweetheart,sleevless,empire,null,null,beading,null,1
619996560,3224,party,Average,4.7,free,Winter,o-neck,sleevless,null,polyster,null,null,null,0
618420156,1928,party,very-high,4.7,L,Winter,slash-neck,sleevless,empire,viscos,chiffon,beading,null,1
689486739,511,party,very-high,4.5,M,Spring,v-neck,cap-sleeves,null,null,null,lace,null,1
751364614,2164,party,Average,4.7,free,Spring,Sweetheart,sleevless,empire,rayon,chiffon,beading,solid,1
825341937,2088,party,high,4.8,M,Summer,Sweetheart,sleevless,princess,null,sattin,null,null,1
736813752,804,party,high,4.6,M,Summer,slash-neck,sleevless,natural,null,chiffon,null,null,1
636178374,1929,party,Medium,4.7,M,Winter,o-neck,sleevless,empire,cotton,chiffon,button,null,1
743485617,2102,cute,Average,4.4,free,Spring,Sweetheart,sleevless,empire,spandex,tulle,ruched,solid,1
933951149,1810,party,Average,5,M,Spring,o-neck,sleevless,null,null,null,null,null,1
684561284,1406,party,very-high,4.8,free,Spring,Sweetheart,sleevless,natural,polyster,chiffon,beading,null,1
616295248,2509,party,Medium,4.8,M,Spring,o-neck,sleevless,natural,silk,chiffon,crystal,null,1
736076633,2056,party,very-high,4.9,L,Spring,slash-neck,sleevless,null,null,chiffon,flowers,null,1
1108073621,112,party,Medium,0,free,Winter,v-neck,short,empire,null,chiffon,lace,null,1
1053002876,541,work,Average,5,free,Winter,o-neck,half,null,microfiber,null,null,null,0
444282011,1732,party,very-high,4.9,M,Spring,v-neck,sleevless,empire,null,sattin,beading,null,1
949336768,610,Casual,high,5,free,Summer,v-neck,sleevless,natural,nylon,null,null,null,1
961972778,65,Casual,very-high,0,small,Spring,o-neck,full,null,null,chiffon,applique,null,0
893088817,677,Casual,Medium,4.7,M,Spring,o-neck,sleevless,natural,cotton,null,bow,null,1
952724683,108,party,Average,0,M,Spring,v-neck,sleevless,natural,null,null,null,null,1
855037000,787,Casual,Average,4.4,free,Summer,slash-neck,sleevless,empire,cotton,null,null,null,1
660016574,1287,Casual,very-high,4.6,M,winter,o-neck,short,natural,null,null,flowers,null,1
738079582,2355,Casual,Low,4.4,free,winter,halter,sleevless,natural,null,null,draped,null,1
861001391,1344,party,high,4.5,M,winter,o-neck,sleevless,null,null,null,null,null,1
1099696103,1506,Casual,Average,4.8,free,Summer,o-neck,sleevless,natural,null,null,null,null,0
1044288976,541,Sexy,Average,5,M,Summer,o-neck,sleeveless,natural,polyster,broadcloth,rivet,null,0
890848361,1710,vintage,Average,4.9,free,Summer,o-neck,urndowncollor,empire,null,null,null,null,0
929503394,4847,vintage,Average,4.7,S,Summer,turndowncollor,short,empire,cotton,null,null,null,0
1015249105,5205,work,Average,4.9,M,Summer,sqare-collor,halfsleeve,empire,polyster,sattin,sashes,null,0
707537639,16225,Casual,low,4.7,L,Spring,o-neck,short,natural,chiffonfabric,chiffon,null,null,0
702984554,1795,Casual,Average,4.8,L,Automn,o-neck,short,natural,cashmere,null,null,null,0
896048351,3572,Sexy,low,4.7,free,Spring,v-neck,sleeveless,null,null,null,sequined,null,1
1023830972,1113,Casual,Average,0,S,Winter,slash-neck,halfsleeve,natural,nylon,broadcloth,null,null,0
959052557,4207,Casual,Average,4.2,S,Winter,v-neck,sleevless,empire,other,chiffon,hollowout,patchwork,0
1246945687,1034,Novelty,Average,0,free,Summer,o-neck,full,natural,cotton,sattin,hollowout,solid,0
510519284,2888,Casual,Low,4.3,free,Summer,backless,sleevless,empire,chiffonfabric,chiffon,crystal,null,0
1079958917,2715,Casual,Average,3.7,M,Summer,boat-neck,sleevless,natural,linen,null,null,null,0
1024325244,539,Casual,Average,5,free,winter,o-neck,sleevless,natural,polyster,broadcloth,lace,null,1
841203385,3943,Sexy,low,5,free,Spring,v-neck,sleevless,empire,null,chiffon,null,null,0
1104504876,1000,cute,Low,0,free,Winter,o-neck,sleevless,natural,null,chiffon,null,null,0
1010356223,1070,vintage,Average,4.8,M,Summer,v-neck,full,natural,rayon,poplin,null,null,1
1031230798,2846,bohemian,Average,4.8,L,Winter,o-neck,sleevless,natural,polyster,chiffon,null,solid,0
908989488,45,bohemian,Average,0,free,Spring,o-neck,sleevless,natural,rayon,chiffon,null,striped,1
822081627,11181,Sexy,Average,4.5,M,Summer,bowneck,sleevless,null,cotton,chiffon,null,solid,0
1116072373,1284,Novelty,Medium,4.2,M,Winter,o-neck,halfsleeve,natural,polyster,chiffon,hollowout,animal,1
856139963,1261,Casual,Low,5,free,Spring,v-neck,full,natural,cotton,null,null,solid,1
1032982013,1452,Casual,Average,5,L,Winter,o-neck,thressqatar,natural,polyster,null,applique,solid,0
879756967,11698,Casual,Low,4.8,M,Winter,v-neck,sleevless,natural,polyster,null,null,print,0
912614690,672,bohemian,Low,5,free,Spring,o-neck,short,natural,nylon,jersey,sashes,print,1
1072784739,2421,Casual,low,5,free,Spring,bowneck,sleevless,natural,silk,chiffon,applique,print,0
945651303,1371,Casual,Low,5,M,Spring,o-neck,sleeevless,natural,chiffonfabric,chiffon,null,solid,1
858212832,9045,cute,Average,4.3,M,Summer,NULL,NULL,natural,cotton,chiffon,null,solid,0
1219677488,3248,Novelty,Average,0,free,winter,o-neck,short,natural,polyster,broadcloth,lace,null,1
886501087,161,cute,low,0,L,Spring,o-neck,sleevless,empire,null,null,null,null,1
944264938,1644,Sexy,Low,4.8,free,Spring,slash-neck,sleevless,natural,cotton,broadcloth,sequined,solid,0
918722829,1878,Sexy,Low,4.8,free,Summer,slash-neck,sleevless,empire,silk,null,lace,solid,0
750670078,11359,Casual,Low,4.4,M,Winter,o-neck,sleevless,natural,polyster,null,null,solid,0
1028061165,1305,Casual,Average,4.5,M,Winter,o-neck,sleevless,natural,polyster,chiffon,ruched,striped,0
699738864,4956,Casual,Low,4.7,S,Summer,o-neck,full,natural,cotton,null,null,patchwork,0
905732124,2489,Casual,low,4.4,free,Spring,o-neck,sleevless,natural,polyster,null,sashes,print,0
961230947,1490,work,Average,4.9,M,Winter,slash-neck,short,natural,polyster,broadcloth,ruffles,solid,0
849947393,3792,cute,Medium,4.6,free,Spring,o-neck,short,natural,chiffonfabric,null,hollowout,solid,1
857432541,1785,Casual,Low,4.7,free,Spring,o-neck,halfsleeve,natural,silk,chiffon,sashes,print,0
1088674674,1098,Casual,Low,4.7,M,Winter,o-neck,full,empire,polyster,chiffon,null,print,1
939250541,1866,Casual,Average,4.8,M,Spring,o-neck,sleevless,natural,cotton,chiffon,hollowout,print,0
876708804,2996,Sexy,Low,4.8,L,Summer,o-neck,sleevless,natural,cotton,null,null,solid,1
1032990258,2725,Casual,Average,4.3,M,Spring,o-neck,halfsleeve,null,null,null,null,null,1
880692544,1299,Casual,Average,4.7,XL,winter,v-neck,short,empire,milksilk,null,null,print,0
958270190,893,Casual,Low,0,L,winter,v-neck,full,null,null,null,null,solid,0
732757918,15484,Sexy,Average,4.7,M,Automn,slash-neck,sleevless,natural,nylon,null,rivet,solid,0
898646576,4069,Casual,Low,4.7,free,winter,o-neck,sleevless,natural,null,null,null,null,1
950048509,932,Casual,high,0,L,winter,v-neck,full,null,polyster,null,null,solid,0
754316257,3231,Casual,Low,4.7,L,Summer,o-neck,sleevless,natural,silk,worsted,lace,patchwork,0
598523814,7730,Casual,Average,4.7,free,Summer,v-neck,full,natural,cotton,null,sashes,solid,0
774130360,42,Casual,Average,0,free,Winter,v-neck,full,null,cashmere,null,null,solid,1
555727400,8339,Casual,low,4.7,free,Summer,o-neck,capsleeves,natural,chiffonfabric,chiffon,null,print,1
537463111,4533,Casual,Average,4.7,M,Summer,o-neck,thressqatar,null,chiffonfabric,chiffon,ruched,solid,0
933864550,2479,Sexy,low,4.5,free,Summer,slash-neck,sleevless,null,polyster,Corduroy,null,null,0
944930838,2854,vintage,low,4,free,Summer,turndowncollor,short,natural,cotton,wollen,hollowout,solid,0
901346821,1015,Sexy,low,4.7,free,Summer,v-neck,sleevless,null,null,null,null,null,0
818295153,1458,bohemian,low,5,free,Summer,o-neck,sleevless,empire,cotton,broadcloth,tassel,print,1
733134203,3636,Casual,low,4.7,S,Winter,o-neck,sleeevless,natural,knitting,null,lace,solid,0
943414146,11741,Sexy,Average,4.5,S,Winter,v-neck,sleevless,null,polyster,null,null,null,0
709353440,5811,cute,Average,4.7,M,Summer,o-neck,sleevless,natural,chiffonfabric,null,sashes,splice,0
1190383536,2492,vintage,Low,0,free,Summer,o-neck,sleevless,natural,cotton,batik,null,print,1
869138763,1055,Casual,Average,4.1,L,winter,o-neck,sleevless,natural,polyster,null,null,null,1
977173764,1360,Casual,Average,4.2,M,winter,v-neck,full,empire,polyster,null,lace,patchwork,1
918331326,1785,Brief,Average,4.8,free,winter,v-neck,halfsleeve,natural,polyster,broadcloth,null,solid,0
733715437,6559,Brief,Average,4.9,free,Winter,o-neck,sleevless,natural,null,null,null,solid,0
955679920,2125,Sexy,Average,4.8,S,Winter,v-neck,sleevless,empire,polyster,chiffon,lace,solid,0
862814652,2139,Casual,Average,4.7,L,Winter,o-neck,sleevless,natural,polyster,chiffon,null,patchwork,0
799301728,1444,vintage,Average,4.7,M,Summer,v-neck,short,natural,rayon,null,beading,print,0
1039384371,1628,Casual,Average,4.8,free,Summer,o-neck,sleevless,natural,cotton,chiffon,sashes,solid,0
746518490,4855,Sexy,Low,4.7,M,Winter,v-neck,sleevless,natural,polyster,null,null,striped,0
720665176,135,Casual,Average,5,s,Spring,turndowncollor,full,empire,cotton,worsted,null,solid,0
1001750851,410,Casual,Low,1,M,Spring,o-neck,halfsleeve,null,null,chiffon,null,null,0
882975367,3166,Sexy,Average,4.1,free,Summer,v-neck,sleevless,natural,cotton,null,lace,null,1
1069577979,1293,Casual,Low,4,free,Summer,v-neck,sleevless,natural,cotton,broadcloth,hollowout,print,0
1079373429,1005,work,Average,4.7,M,Spring,v-neck,sleevless,null,null,null,null,null,1
711704151,9443,cute,Average,4.6,free,Spring,v-neck,full,natural,cotton,chiffon,null,solid,1
876761815,1310,Casual,Low,5,M,Spring,o-neck,sleevless,natural,spandex,jersey,null,print,0
1062354779,3857,Casual,Average,4.7,M,Automn,v-neck,sleevless,natural,null,chiffon,null,striped,1
727676110,2566,Casual,low,4.6,free,winter,o-neck,full,natural,polyster,null,applique,solid,0
845853510,3570,Casual,Average,4.5,L,Summer,o-neck,short,natural,cotton,jersey,pockets,solid,0
832090686,5940,cute,Average,4.6,M,Automn,o-neck,thressqatar,natural,silk,chiffon,sashes,print,0
839305476,3017,Casual,Low,4.6,free,Automn,o-neck,halfsleeve,natural,chiffonfabric,chiffon,null,leapord,1
855418066,2032,Casual,Low,4.7,L,Summer,NULL,sleevless,null,cotton,null,null,solid,1
1211480431,2719,Sexy,Low,0,L,Summer,o-neck,sleevless,empire,sill,null,null,striped,0
946741571,5910,bohemian,Average,4,free,Winter,o-neck,sleevless,natural,polyster,chiffon,ruffles,striped,0
724177834,9202,Casual,low,4.7,free,Summer,o-neck,full,natural,cotton,null,null,solid,1
975877364,80,work,Average,0,M,Summer,v-neck,sleevless,natural,cotton,worsted,null,solid,1
851697194,3463,bohemian,Average,4.1,free,Summer,o-neck,thressqatar,null,null,null,hollowout,null,0
1108356000,254,Casual,Average,0,M,Spring,o-neck,halfsleeve,natural,null,null,lace,null,0
871219565,1559,Brief,Low,4.6,M,Summer,o-neck,short,natural,cotton,null,null,animal,0
1250787559,40,cute,Low,0,free,Spring,v-neck,sleevless,empire,chiffonfabric,chiffon,null,null,1
942245416,312,Casual,Average,5,M,Spring,o-neck,thressqatar,null,spandex,null,null,null,0
900108476,1381,Casual,Low,5,free,winter,o-neck,full,natural,wool,null,applique,solid,0
1019672746,5572,vintage,Average,4.5,L,winter,o-neck,short,empire,null,null,sequined,patchwork,1
783980024,4394,Casual,Average,4.5,free,Summer,o-neck,short,natural,polyster,null,null,solid,0
970655043,2066,bohemian,Low,4.4,L,Summer,bowneck,short,natural,cotton,null,null,dot,0
1139064593,20,Casual,high,0,L,winter,v-neck,thressqatar,natural,polyster,null,ruffles,solid,1
939389270,3023,Casual,Average,4.8,free,winter,o-neck,sleevless,null,polyster,null,sashes,solid,0
859321875,2399,Brief,Low,4.7,M,Winter,o-neck,full,natural,cotton,null,null,patchwork,0
703395323,20,Casual,Medium,0,free,Winter,bowneck,full,null,cashmere,knitted,null,solid,1
1083779666,1565,Casual,Average,4.7,M,Winter,o-neck,short,empire,polyster,shiffon,null,animal,0
966030991,253,party,Average,0,M,Summer,o-neck,full,natural,cotton,null,null,patchwork,1
866405822,1163,bohemian,Average,4.8,S,Summer,v-neck,short,natural,cotton,null,null,solid,0
941564304,2950,Sexy,Average,4.9,free,Summer,sqare-collor,sleevless,natural,polyster,null,sashes,print,0
1119360745,99,Casual,Average,3,M,Spring,turndowncollor,short,empire,polyster,null,sashes,patchwork,0
932375745,3506,Casual,low,4.7,L,Automn,o-neck,short,natural,polyster,shiffon,null,patchwork,1
789373177,2495,Casual,Average,4.3,M,Automn,o-neck,sleevless,natural,polyster,null,plain,solid,0
1135456589,784,Casual,Average,0,XL,Winter,v-neck,short,empire,polyster,shiffon,pockets,solid,1
932913675,389,Casual,Low,5,free,Summer,o-neck,sleevless,natural,model,jersey,plain,solid,1
1217548862,843,vintage,Average,0,L,Summer,sqare-collor,short,empire,cotton,chiffon,null,dot,1
755078866,1858,Casual,Low,4.7,free,winter,o-neck,sleevless,natural,milksilk,null,null,animal,0
1052420390,502,vintage,Average,5,M,Summer,v-neck,thressqatar,natural,polyster,null,null,print,0
924108301,1762,Casual,Low,4.7,L,Summer,o-neck,full,natural,mix,worsted,lace,patchwork,1
675980168,5100,bohemian,Average,4.6,M,Spring,o-neck,sleevless,natural,shiffon,shiffon,sashes,solid,0
730603782,4308,party,Average,4.8,M,Summer,o-neck,full,null,cotton,null,null,solid,1
934830377,2534,bohemian,Low,4.6,free,Summer,v-neck,sleevless,natural,cotton,broadcloth,beading,solid,0
689406468,878,party,very-high,4.6,free,Summer,o-neck,sleevless,empire,rayon,null,hollowout,solid,0
870994067,3464,cute,Low,4.8,M,Spring,o-neck,short,natural,shiffon,shiffon,bow,dot,1
1016250560,5621,vintage,Average,0,M,Spring,o-neck,halfsleeve,empire,polyster,null,lace,animal,0
860334943,3254,Casual,Medium,4.9,L,Winter,o-neck,short,natural,cotton,broadcloth,sashes,solid,0
863336720,3006,Casual,Average,4.2,free,Summer,o-neck,sleevless,natural,cotton,worsted,null,striped,1
835915937,1529,Casual,Average,4.9,M,Summer,o-neck,short,dropped,cotton,null,ruffles,patchwork,0
944641715,1764,bohemian,Low,5,XL,Spring,v-neck,thressqatar,natural,null,shiffon,null,print,1
869395176,2373,Casual,Average,4.7,M,Summer,o-neck,sleevless,null,cotton,null,null,dot,0
1097435333,49,Casual,Average,0,free,Summer,bowneck,halfsleeve,null,cotton,null,null,null,0
1124120907,1200,Casual,Average,0,free,Summer,o-neck,sleevless,natural,cotton,null,lace,floral,0
1130463523,871,Sexy,Medium,0,free,winter,o-neck,sleevless,natural,polyster,null,sequined,solid,0
560474456,6109,Sexy,low,4.4,free,Automn,v-neck,sleevless,natural,cotton,worsted,lace,solid,0
907669618,4,Sexy,Average,0,free,Spring,v-neck,full,natural,cotton,wollen,lace,solid,1
710089916,759,Brief,Average,4.9,XL,Spring,slash-neck,full,natural,null,null,sashes,solid,0
793162246,24217,Casual,Average,4.7,XL,Summer,v-neck,halfsleeve,natural,null,broadcloth,null,print,1
1065317917,519,Casual,Average,0,free,Automn,v-neck,full,natural,cotton,null,lace,solid,0
737461130,9287,Casual,Average,4.8,M,Summer,v-neck,full,natural,null,shiffon,null,null,0
663993130,1250,Casual,Medium,4.9,L,Spring,sqare-collor,sleevless,empire,null,null,null,print,0
933231033,3790,party,Average,4.7,M,Spring,o-neck,halfsleeve,empire,null,shiffon,null,patchwork,0
743417270,2834,Sexy,low,4.4,free,Summer,bowneck,sleevless,natural,viscos,null,bow,solid,0
798898277,9090,bohemian,Low,4.6,free,winter,o-neck,sleevless,empire,polyster,null,null,patchwork,1
549401113,4074,Casual,Low,4.6,free,Autumn,o-neck,full,natural,rayon,null,lace,solid,1
857189807,416,Sexy,Low,4.5,free,Summer,o-neck,sleevless,empire,cotton,null,sashes,solid,1
1055149353,680,Sexy,Low,0,free,winter,v-neck,NULL,dropped,cotton,null,lace,null,1
1199912555,969,Casual,Average,0,XL,Spring,bowneck,sleevless,natural,mix,null,lace,solid,0
1249825438,1814,Sexy,Average,0,free,Autumn,o-neck,full,natural,polyster,sattin,hollowout,solid,0
967191118,286,Sexy,Low,4.8,free,Spring,v-neck,sleevless,natural,null,null,null,striped,1
871620435,564,Brief,Low,4.7,free,Autumn,o-neck,sleevless,natural,null,shiffon,sequined,solid,0
865490824,1171,Sexy,high,5,M,Summer,v-neck,sleevless,natural,mix,null,null,striped,0
1079955163,1828,Casual,Average,4.6,L,Summer,bowneck,full,dropped,cotton,null,null,patchwork,0
600514129,1706,cute,Medium,4.9,S,Summer,bowneck,sleevless,empire,null,null,bow,patchwork,1
976975672,2226,Novelty,Average,4.9,M,Autumn,o-neck,short,natural,polyster,chiffon,none,print,0
720087997,8979,Casual,Low,4.3,free,Spring,o-neck,full,null,null,chiffon,sashes,none,1
699651184,3042,Casual,Low,4.7,S,Autumn,o-neck,sleevless,natural,cotton,null,null,solid,0
605122868,4398,Casual,Average,4.8,L,Autumn,boat-neck,sleevless,natural,null,null,sashes,solid,0
1000425584,1077,cute,Average,4.5,L,winter,v-neck,sleevless,natural,polyster,jersey,sashes,solid,1
549159213,4697,Casual,Average,4.4,free,Summer,o-neck,capsleeves,natural,cotton,null,null,solid,0
898316315,20,party,Average,0,M,Spring,o-neck,sleevless,null,null,chiffon,null,solid,1
1017484769,690,Sexy,Low,0,free,Summer,v-neck,sleevless,dropped,null,null,null,null,1
733025646,13461,Casual,Low,4.8,L,Summer,v-neck,thressqatar,natural,cotton,null,null,print,0
909624960,1318,work,Average,5,M,Summer,o-neck,sleveless,natural,null,null,null,solid,1
1086459983,3114,Novelty,Average,5,free,Summer,o-neck,sleeveless,natural,null,null,null,print,0
593007494,6269,Casual,Low,4.6,free,Spring,v-neck,sleevless,natural,silk,chiffon,draped,solid,0
660179663,3250,Casual,Average,4.5,M,Summer,o-neck,full,natural,cotton,null,lace,solid,0
1097157656,2761,Casual,Average,4.5,L,Spring,boat-neck,thressqatar,natural,null,dobby,lace,animal,1
751776863,706,Casual,Average,4.5,free,Autumn,o-neck,halfsleeve,natural,cotton,chiffon,hollowout,solid,1
1253973206,2231,cute,Low,0,M,Summer,boat-neck,short,null,null,chiffon,sashes,null,0
828790972,3408,party,Average,4.9,M,winter,o-neck,halfsleeve,null,cotton,null,lace,null,1
933413410,3906,Casual,Average,4.8,M,Summer,o-neck,halfsleeve,null,null,null,null,null,0
550959163,4844,Casual,Low,4.4,L,Summer,o-neck,sleevless,natural,cotton,chiffon,null,solid,0
933926000,3477,Casual,Average,4.3,M,winter,slash-neck,sleeveless,natural,polyster,null,sashes,solid,0
953168456,829,cute,Average,4.7,L,Summer,o-neck,sleevless,natural,polyster,broadcloth,lace,solid,0
1124754999,19,Sexy,Average,0,S,Summer,v-neck,sleevless,null,null,null,null,null,1
832949213,1384,Casual,Low,4.4,free,Summer,o-neck,sleevless,null,null,null,null,animal,0
801216472,552,cute,high,4.3,M,Spring,boat-neck,full,natural,polyster,terry,lace,solid,1
929898500,4909,work,Average,4.8,M,winter,turndowncollor,full,natural,null,null,null,solid,0
850490510,12966,Casual,Average,4.6,M,Spring,o-neck,halfsleeve,natural,polyster,null,lace,solid,0
1099394392,569,Sexy,Low,0,free,Summer,v-neck,sleevless,empire,cotton,null,null,solid,0
674885710,5007,Casual,high,4.9,XL,winter,v-neck,full,empire,cotton,null,sequined,solid,0
1122991519,2400,Sexy,Low,0,free,winter,o-neck,sleevless,natural,lycra,chiffon,hollowout,solid,0
904781800,1217,cute,Average,5,M,Autumn,v-neck,sleevless,natural,cotton,null,null,solid,0
974438263,122,cute,Low,0,free,Spring,v-neck,sleevless,natural,silk,worsted,lace,patchwork,1
875608094,1938,Casual,Low,4.4,free,Summer,o-neck,full,natural,cotton,null,pockets,solid,0
1061890181,220,Casual,Average,0,L,Spring,o-neck,sleevless,natural,chiffonfabric,chiffon,sequined,solid,0
1033144189,1477,cute,Average,4.7,M,Spring,o-neck,full,natural,rayon,chiffon,beading,solid,1
860406062,4311,Casual,Average,4.6,M,winter,v-neck,halfsleeve,natural,silk,chiffon,sashes,solid,1
692445545,5302,Casual,Low,4.4,free,Summer,o-neck,full,natural,cotton,null,null,solid,1
974775647,1452,Casual,Low,5,M,Automn,o-neck,sleevless,empire,null,chiffon,null,print,1
1109819647,317,Casual,Average,0,free,winter,o-neck,short,natural,polyster,chiffon,cascading,solid,0
1223469038,160,Sexy,Average,0,free,winter,slash-neck,sleevless,natural,cotton,broadcloth,sequined,solid,1
511503677,12149,Casual,Low,4.4,M,Summer,o-neck,halfsleeve,empire,chiffonfabric,chiffon,bow,solid,0
1190558632,23,cute,Average,0,L,Summer,o-neck,sleevless,empire,cotton,null,lace,solid,1
641665398,199,Casual,Low,4.8,free,winter,bowneck,full,natural,polyster,chiffon,bow,solid,0
964917582,1356,Casual,Average,5,L,Summer,o-neck,sleevless,natural,cotton,null,null,null,1
859922576,9975,cute,Average,4.6,M,Spring,o-neck,halfsleeve,natural,acrylic,chiffon,null,null,0
817353671,5286,bohemian,Low,4.6,free,Summer,o-neck,sleevless,natural,cotton,chiffon,none,solid,1
990559192,1427,Brief,Average,4.7,M,winter,o-neck,halfsleeve,natural,acrylic,chiffon,null,striped,0
713391965,8915,Casual,Low,4.7,M,Spring,o-neck,full,natural,polyster,null,null,solid,1
722565148,14748,Sexy,Low,4.3,free,Summer,o-neck,full,empire,cotton,null,null,null,0
532874347,12606,Casual,Average,4.7,M,Summer,v-neck,full,empire,cotton,null,lace,solid,1
655464934,5167,Casual,Average,4.6,L,winter,boat-neck,sleevless,empire,silk,broadcloth,applique,print,1
919930954,12312,Casual,Low,4.4,free,Summer,v-neck,short,empire,cotton,Corduroy,lace,solid,0
